-- phpMyAdmin SQL Dump
-- version 5.2.1deb3
-- https://www.phpmyadmin.net/
--
-- Host: localhost:3306
-- Generation Time: Jan 10, 2025 at 07:48 AM
-- Server version: 8.0.40-0ubuntu0.24.04.1
-- PHP Version: 8.3.6

SET SQL_MODE = "NO_AUTO_VALUE_ON_ZERO";
START TRANSACTION;
SET time_zone = "+00:00";


/*!40101 SET @OLD_CHARACTER_SET_CLIENT=@@CHARACTER_SET_CLIENT */;
/*!40101 SET @OLD_CHARACTER_SET_RESULTS=@@CHARACTER_SET_RESULTS */;
/*!40101 SET @OLD_COLLATION_CONNECTION=@@COLLATION_CONNECTION */;
/*!40101 SET NAMES utf8mb4 */;

--
-- Database: `diagnosis_db`
--
CREATE DATABASE IF NOT EXISTS `diagnosis_db` DEFAULT CHARACTER SET utf8mb4 COLLATE utf8mb4_0900_ai_ci;
USE `diagnosis_db`;

-- --------------------------------------------------------

--
-- Table structure for table `aturan`
--

CREATE TABLE `aturan` (
  `id_aturan` int NOT NULL,
  `id_penyakit` int DEFAULT NULL,
  `id_gejala` int DEFAULT NULL
) ENGINE=InnoDB DEFAULT CHARSET=utf8mb4 COLLATE=utf8mb4_general_ci;

--
-- Dumping data for table `aturan`
--

INSERT INTO `aturan` (`id_aturan`, `id_penyakit`, `id_gejala`) VALUES
(1, 1, 1),
(2, 1, 2),
(3, 1, 3),
(4, 1, 4),
(5, 1, 5),
(6, 1, 6),
(7, 1, 7),
(8, 1, 25),
(9, 2, 4),
(10, 2, 7),
(11, 2, 8),
(12, 2, 9),
(13, 2, 10),
(14, 2, 11),
(15, 3, 12),
(16, 3, 15),
(17, 3, 16),
(18, 3, 25),
(19, 4, 4),
(20, 4, 17),
(21, 4, 18),
(22, 5, 8),
(23, 5, 11),
(24, 5, 19),
(25, 5, 20),
(26, 5, 26),
(27, 6, 1),
(28, 6, 4),
(29, 6, 9),
(30, 6, 10),
(31, 6, 11),
(32, 6, 21),
(33, 7, 1),
(34, 7, 7),
(35, 7, 22),
(36, 7, 23);

-- --------------------------------------------------------

--
-- Table structure for table `gejala`
--

CREATE TABLE `gejala` (
  `id_gejala` int NOT NULL,
  `nama_gejala` varchar(255) COLLATE utf8mb4_general_ci NOT NULL
) ENGINE=InnoDB DEFAULT CHARSET=utf8mb4 COLLATE=utf8mb4_general_ci;

--
-- Dumping data for table `gejala`
--

INSERT INTO `gejala` (`id_gejala`, `nama_gejala`) VALUES
(1, 'Nyeri Dada'),
(2, 'Bahu kiri terasa tidak enak'),
(3, 'Keringat dingin'),
(4, 'Sesak nafas'),
(5, 'Gangguan pencernaan'),
(6, 'Mual'),
(7, 'Detak jantung tidak teratur'),
(8, 'Pusing'),
(9, 'Kaki bengkak'),
(10, 'Jantung berdebar-debar'),
(11, 'Mudah lelah'),
(12, 'Nyeri didaerah dada tengah'),
(15, 'Mudah berkeringat'),
(16, 'Dada mengencang'),
(17, 'Pembengkakan pada jantung'),
(18, 'Kelainan fungsi hati'),
(19, 'Pendarahan dari hidung'),
(20, 'Wajah kemerahan'),
(21, 'Batuk'),
(22, 'Sakit perut'),
(23, 'Detak jantung cepat'),
(24, 'Nyeri didaerah lengan kiri'),
(25, 'Punggung terasa tidak enak'),
(26, 'Sakit kepala');

-- --------------------------------------------------------

--
-- Table structure for table `konsultasi`
--

CREATE TABLE `konsultasi` (
  `id_konsultasi` int NOT NULL,
  `id_user` int NOT NULL,
  `nama` varchar(255) COLLATE utf8mb4_general_ci NOT NULL,
  `email` varchar(255) COLLATE utf8mb4_general_ci NOT NULL,
  `usia` int NOT NULL,
  `pesan` text COLLATE utf8mb4_general_ci NOT NULL,
  `tanggal` timestamp NOT NULL DEFAULT CURRENT_TIMESTAMP ON UPDATE CURRENT_TIMESTAMP
) ENGINE=InnoDB DEFAULT CHARSET=utf8mb4 COLLATE=utf8mb4_general_ci;

-- --------------------------------------------------------

--
-- Table structure for table `penyakit`
--

CREATE TABLE `penyakit` (
  `id_penyakit` int NOT NULL,
  `nama_penyakit` varchar(255) COLLATE utf8mb4_general_ci NOT NULL
) ENGINE=InnoDB DEFAULT CHARSET=utf8mb4 COLLATE=utf8mb4_general_ci;

--
-- Dumping data for table `penyakit`
--

INSERT INTO `penyakit` (`id_penyakit`, `nama_penyakit`) VALUES
(1, 'Penyakit Jantung Koroner'),
(2, 'Penyakit otot jantung (kardiomiopati)'),
(3, 'Penyakit jantung iskemik'),
(4, 'Gagal jantung'),
(5, 'Penyakit jantung hipertensi'),
(6, 'Penyakit katup jantung'),
(7, 'Kardiomegali atau jantung hipertrofik');

-- --------------------------------------------------------

--
-- Table structure for table `user`
--

CREATE TABLE `user` (
  `id_user` int NOT NULL,
  `nama` varchar(100) COLLATE utf8mb4_general_ci DEFAULT NULL,
  `email` varchar(100) COLLATE utf8mb4_general_ci DEFAULT NULL,
  `password` varchar(255) COLLATE utf8mb4_general_ci NOT NULL,
  `alamat` text COLLATE utf8mb4_general_ci,
  `no_telepon` varchar(15) COLLATE utf8mb4_general_ci DEFAULT NULL,
  `jenis_kelamin` enum('L','P') COLLATE utf8mb4_general_ci DEFAULT NULL
) ENGINE=InnoDB DEFAULT CHARSET=utf8mb4 COLLATE=utf8mb4_general_ci;

--
-- Dumping data for table `user`
--

INSERT INTO `user` (`id_user`, `nama`, `email`, `password`, `alamat`, `no_telepon`, `jenis_kelamin`) VALUES
(1, 'Rio Muliadi', 'riomuliadi@gmail.com', '1223', 'Denpasar Selatan', '081234567890', 'L'),
(2, 'Gede Meles', 'gedemeles@gmail.com', 'gede1223', 'Denpasar Selatan', '081236549870', 'L'),
(3, 'Made Sudiksa', 'madesudiksa@gmail.com', 'made1223', 'Denpasar Selatan', '08123687946', 'L'),
(4, 'Ngurah Darmayasa', 'ngurahdarmayasa@gmail.com', 'ngurah1223', 'Denpasar Utara', '08235894613', 'L'),
(5, 'Susiawati', 'susiawati@gmail.com', 'susia1223', 'Denpasar Barat', '08531645521', 'P'),
(6, 'Kertiasih', 'kertiasih@gmail.com', 'kertiasih1223', 'Denpasar Barat', '085523164498', 'P'),
(7, 'Didi Purwadi', 'didipurwadi@gmail.com', 'didi1223', 'Denpasar Utara', '082213554678', 'L'),
(8, 'Ika Surtika', 'ikasurtika@gmail.com', 'ika1223', 'Denpasar Timur', '085567791234', 'P'),
(9, 'Damin', 'damin@gmail.com', 'damin1223', 'Denpasar Timur', '087697852134', 'L'),
(10, 'Widiasmika', 'widiasmika@gmail.com', 'widi1223', 'Denpasar Timur', '089544632875', 'L'),
(11, 'Laksana', 'laksana@gmail.com', 'laksana1223', 'Denpasar Barat', '089754233811', 'L'),
(12, 'Ketut Ludra', 'ketutludra@gmail.com', 'ketut1223', 'Denpasar Utara', '087762122456', 'L'),
(13, 'Mas Sujana', 'massujana@gmail.com', 'mas1223', 'Denpasar Utara', '085566491237', 'L'),
(14, 'Suyastini', 'suyastini@gmail.com', 'susyastini1223', 'Denpasar Selatan', '082256449723', 'P'),
(15, 'Puriani', 'puriani@gmail.com', 'puriani1223', 'Denpasar Utara', '089972315567', 'P'),
(16, 'Ketut Mudita', 'ketutmudita@gmail.com', 'mudita1223', 'Denpasar Selatan', '085212344678', 'L'),
(17, 'Ketut Swastika', 'ketutswastika@gmail.com', 'swastika1223', 'Denpasar Barat', '081223456789', 'L'),
(18, 'Ketut Sumana', 'ketutsumana@gmail.com', 'sumana1223', 'Denpasar Timur', '0877546221978', 'L'),
(19, 'Made Sariariani', 'madesari@gmail.com', 'sariari1223', 'Denpasar Selatan', '085221744692', 'P'),
(20, 'Wayan Sugianyar', 'wayansugianyar@gmail.com', 'sugi1223', 'Denpasar Barat', '089775213346', 'L'),
(21, 'Ni Wayan Pagiasih', 'wayanpagiasih@gmail.com', 'pagiasih1223', 'Denpasar Timur', '081345589244', 'P');

--
-- Indexes for dumped tables
--

--
-- Indexes for table `aturan`
--
ALTER TABLE `aturan`
  ADD PRIMARY KEY (`id_aturan`),
  ADD KEY `id_penyakit` (`id_penyakit`),
  ADD KEY `gejala_id` (`id_gejala`);

--
-- Indexes for table `gejala`
--
ALTER TABLE `gejala`
  ADD PRIMARY KEY (`id_gejala`);

--
-- Indexes for table `konsultasi`
--
ALTER TABLE `konsultasi`
  ADD PRIMARY KEY (`id_konsultasi`),
  ADD KEY `id_user` (`id_user`);

--
-- Indexes for table `penyakit`
--
ALTER TABLE `penyakit`
  ADD PRIMARY KEY (`id_penyakit`);

--
-- Indexes for table `user`
--
ALTER TABLE `user`
  ADD PRIMARY KEY (`id_user`);

--
-- AUTO_INCREMENT for dumped tables
--

--
-- AUTO_INCREMENT for table `gejala`
--
ALTER TABLE `gejala`
  MODIFY `id_gejala` int NOT NULL AUTO_INCREMENT, AUTO_INCREMENT=27;

--
-- AUTO_INCREMENT for table `konsultasi`
--
ALTER TABLE `konsultasi`
  MODIFY `id_konsultasi` int NOT NULL AUTO_INCREMENT, AUTO_INCREMENT=4;

--
-- AUTO_INCREMENT for table `penyakit`
--
ALTER TABLE `penyakit`
  MODIFY `id_penyakit` int NOT NULL AUTO_INCREMENT, AUTO_INCREMENT=13;

--
-- AUTO_INCREMENT for table `user`
--
ALTER TABLE `user`
  MODIFY `id_user` int NOT NULL AUTO_INCREMENT, AUTO_INCREMENT=33;

--
-- Constraints for dumped tables
--

--
-- Constraints for table `aturan`
--
ALTER TABLE `aturan`
  ADD CONSTRAINT `aturan_ibfk_1` FOREIGN KEY (`id_penyakit`) REFERENCES `penyakit` (`id_penyakit`),
  ADD CONSTRAINT `aturan_ibfk_2` FOREIGN KEY (`id_gejala`) REFERENCES `gejala` (`id_gejala`);

--
-- Constraints for table `konsultasi`
--
ALTER TABLE `konsultasi`
  ADD CONSTRAINT `konsultasi_ibfk_1` FOREIGN KEY (`id_user`) REFERENCES `user` (`id_user`);
--
-- Database: `phpmyadmin`
--
CREATE DATABASE IF NOT EXISTS `phpmyadmin` DEFAULT CHARACTER SET utf8mb4 COLLATE utf8mb4_0900_ai_ci;
USE `phpmyadmin`;

-- --------------------------------------------------------

--
-- Table structure for table `pma__bookmark`
--

CREATE TABLE `pma__bookmark` (
  `id` int UNSIGNED NOT NULL,
  `dbase` varchar(255) COLLATE utf8mb3_bin NOT NULL DEFAULT '',
  `user` varchar(255) COLLATE utf8mb3_bin NOT NULL DEFAULT '',
  `label` varchar(255) CHARACTER SET utf8mb3 COLLATE utf8mb3_general_ci NOT NULL DEFAULT '',
  `query` text COLLATE utf8mb3_bin NOT NULL
) ENGINE=InnoDB DEFAULT CHARSET=utf8mb3 COLLATE=utf8mb3_bin COMMENT='Bookmarks';

-- --------------------------------------------------------

--
-- Table structure for table `pma__central_columns`
--

CREATE TABLE `pma__central_columns` (
  `db_name` varchar(64) COLLATE utf8mb3_bin NOT NULL,
  `col_name` varchar(64) COLLATE utf8mb3_bin NOT NULL,
  `col_type` varchar(64) COLLATE utf8mb3_bin NOT NULL,
  `col_length` text COLLATE utf8mb3_bin,
  `col_collation` varchar(64) COLLATE utf8mb3_bin NOT NULL,
  `col_isNull` tinyint(1) NOT NULL,
  `col_extra` varchar(255) COLLATE utf8mb3_bin DEFAULT '',
  `col_default` text COLLATE utf8mb3_bin
) ENGINE=InnoDB DEFAULT CHARSET=utf8mb3 COLLATE=utf8mb3_bin COMMENT='Central list of columns';

-- --------------------------------------------------------

--
-- Table structure for table `pma__column_info`
--

CREATE TABLE `pma__column_info` (
  `id` int UNSIGNED NOT NULL,
  `db_name` varchar(64) COLLATE utf8mb3_bin NOT NULL DEFAULT '',
  `table_name` varchar(64) COLLATE utf8mb3_bin NOT NULL DEFAULT '',
  `column_name` varchar(64) COLLATE utf8mb3_bin NOT NULL DEFAULT '',
  `comment` varchar(255) CHARACTER SET utf8mb3 COLLATE utf8mb3_general_ci NOT NULL DEFAULT '',
  `mimetype` varchar(255) CHARACTER SET utf8mb3 COLLATE utf8mb3_general_ci NOT NULL DEFAULT '',
  `transformation` varchar(255) COLLATE utf8mb3_bin NOT NULL DEFAULT '',
  `transformation_options` varchar(255) COLLATE utf8mb3_bin NOT NULL DEFAULT '',
  `input_transformation` varchar(255) COLLATE utf8mb3_bin NOT NULL DEFAULT '',
  `input_transformation_options` varchar(255) COLLATE utf8mb3_bin NOT NULL DEFAULT ''
) ENGINE=InnoDB DEFAULT CHARSET=utf8mb3 COLLATE=utf8mb3_bin COMMENT='Column information for phpMyAdmin';

-- --------------------------------------------------------

--
-- Table structure for table `pma__designer_settings`
--

CREATE TABLE `pma__designer_settings` (
  `username` varchar(64) COLLATE utf8mb3_bin NOT NULL,
  `settings_data` text COLLATE utf8mb3_bin NOT NULL
) ENGINE=InnoDB DEFAULT CHARSET=utf8mb3 COLLATE=utf8mb3_bin COMMENT='Settings related to Designer';

-- --------------------------------------------------------

--
-- Table structure for table `pma__export_templates`
--

CREATE TABLE `pma__export_templates` (
  `id` int UNSIGNED NOT NULL,
  `username` varchar(64) COLLATE utf8mb3_bin NOT NULL,
  `export_type` varchar(10) COLLATE utf8mb3_bin NOT NULL,
  `template_name` varchar(64) COLLATE utf8mb3_bin NOT NULL,
  `template_data` text COLLATE utf8mb3_bin NOT NULL
) ENGINE=InnoDB DEFAULT CHARSET=utf8mb3 COLLATE=utf8mb3_bin COMMENT='Saved export templates';

-- --------------------------------------------------------

--
-- Table structure for table `pma__favorite`
--

CREATE TABLE `pma__favorite` (
  `username` varchar(64) COLLATE utf8mb3_bin NOT NULL,
  `tables` text COLLATE utf8mb3_bin NOT NULL
) ENGINE=InnoDB DEFAULT CHARSET=utf8mb3 COLLATE=utf8mb3_bin COMMENT='Favorite tables';

-- --------------------------------------------------------

--
-- Table structure for table `pma__history`
--

CREATE TABLE `pma__history` (
  `id` bigint UNSIGNED NOT NULL,
  `username` varchar(64) COLLATE utf8mb3_bin NOT NULL DEFAULT '',
  `db` varchar(64) COLLATE utf8mb3_bin NOT NULL DEFAULT '',
  `table` varchar(64) COLLATE utf8mb3_bin NOT NULL DEFAULT '',
  `timevalue` timestamp NOT NULL DEFAULT CURRENT_TIMESTAMP,
  `sqlquery` text COLLATE utf8mb3_bin NOT NULL
) ENGINE=InnoDB DEFAULT CHARSET=utf8mb3 COLLATE=utf8mb3_bin COMMENT='SQL history for phpMyAdmin';

-- --------------------------------------------------------

--
-- Table structure for table `pma__navigationhiding`
--

CREATE TABLE `pma__navigationhiding` (
  `username` varchar(64) COLLATE utf8mb3_bin NOT NULL,
  `item_name` varchar(64) COLLATE utf8mb3_bin NOT NULL,
  `item_type` varchar(64) COLLATE utf8mb3_bin NOT NULL,
  `db_name` varchar(64) COLLATE utf8mb3_bin NOT NULL,
  `table_name` varchar(64) COLLATE utf8mb3_bin NOT NULL
) ENGINE=InnoDB DEFAULT CHARSET=utf8mb3 COLLATE=utf8mb3_bin COMMENT='Hidden items of navigation tree';

-- --------------------------------------------------------

--
-- Table structure for table `pma__pdf_pages`
--

CREATE TABLE `pma__pdf_pages` (
  `db_name` varchar(64) COLLATE utf8mb3_bin NOT NULL DEFAULT '',
  `page_nr` int UNSIGNED NOT NULL,
  `page_descr` varchar(50) CHARACTER SET utf8mb3 COLLATE utf8mb3_general_ci NOT NULL DEFAULT ''
) ENGINE=InnoDB DEFAULT CHARSET=utf8mb3 COLLATE=utf8mb3_bin COMMENT='PDF relation pages for phpMyAdmin';

-- --------------------------------------------------------

--
-- Table structure for table `pma__recent`
--

CREATE TABLE `pma__recent` (
  `username` varchar(64) COLLATE utf8mb3_bin NOT NULL,
  `tables` text COLLATE utf8mb3_bin NOT NULL
) ENGINE=InnoDB DEFAULT CHARSET=utf8mb3 COLLATE=utf8mb3_bin COMMENT='Recently accessed tables';

--
-- Dumping data for table `pma__recent`
--

INSERT INTO `pma__recent` (`username`, `tables`) VALUES
('kelompok 4', '[{\"db\":\"diagnosis_db\",\"table\":\"konsultasi\"},{\"db\":\"diagnosis_db\",\"table\":\"penyakit\"},{\"db\":\"diagnosis_db\",\"table\":\"aturan\"},{\"db\":\"diagnosis_db\",\"table\":\"user\"},{\"db\":\"diagnosis_db\",\"table\":\"gejala\"}]');

-- --------------------------------------------------------

--
-- Table structure for table `pma__relation`
--

CREATE TABLE `pma__relation` (
  `master_db` varchar(64) COLLATE utf8mb3_bin NOT NULL DEFAULT '',
  `master_table` varchar(64) COLLATE utf8mb3_bin NOT NULL DEFAULT '',
  `master_field` varchar(64) COLLATE utf8mb3_bin NOT NULL DEFAULT '',
  `foreign_db` varchar(64) COLLATE utf8mb3_bin NOT NULL DEFAULT '',
  `foreign_table` varchar(64) COLLATE utf8mb3_bin NOT NULL DEFAULT '',
  `foreign_field` varchar(64) COLLATE utf8mb3_bin NOT NULL DEFAULT ''
) ENGINE=InnoDB DEFAULT CHARSET=utf8mb3 COLLATE=utf8mb3_bin COMMENT='Relation table';

-- --------------------------------------------------------

--
-- Table structure for table `pma__savedsearches`
--

CREATE TABLE `pma__savedsearches` (
  `id` int UNSIGNED NOT NULL,
  `username` varchar(64) COLLATE utf8mb3_bin NOT NULL DEFAULT '',
  `db_name` varchar(64) COLLATE utf8mb3_bin NOT NULL DEFAULT '',
  `search_name` varchar(64) COLLATE utf8mb3_bin NOT NULL DEFAULT '',
  `search_data` text COLLATE utf8mb3_bin NOT NULL
) ENGINE=InnoDB DEFAULT CHARSET=utf8mb3 COLLATE=utf8mb3_bin COMMENT='Saved searches';

-- --------------------------------------------------------

--
-- Table structure for table `pma__table_coords`
--

CREATE TABLE `pma__table_coords` (
  `db_name` varchar(64) COLLATE utf8mb3_bin NOT NULL DEFAULT '',
  `table_name` varchar(64) COLLATE utf8mb3_bin NOT NULL DEFAULT '',
  `pdf_page_number` int NOT NULL DEFAULT '0',
  `x` float UNSIGNED NOT NULL DEFAULT '0',
  `y` float UNSIGNED NOT NULL DEFAULT '0'
) ENGINE=InnoDB DEFAULT CHARSET=utf8mb3 COLLATE=utf8mb3_bin COMMENT='Table coordinates for phpMyAdmin PDF output';

-- --------------------------------------------------------

--
-- Table structure for table `pma__table_info`
--

CREATE TABLE `pma__table_info` (
  `db_name` varchar(64) COLLATE utf8mb3_bin NOT NULL DEFAULT '',
  `table_name` varchar(64) COLLATE utf8mb3_bin NOT NULL DEFAULT '',
  `display_field` varchar(64) COLLATE utf8mb3_bin NOT NULL DEFAULT ''
) ENGINE=InnoDB DEFAULT CHARSET=utf8mb3 COLLATE=utf8mb3_bin COMMENT='Table information for phpMyAdmin';

-- --------------------------------------------------------

--
-- Table structure for table `pma__table_uiprefs`
--

CREATE TABLE `pma__table_uiprefs` (
  `username` varchar(64) COLLATE utf8mb3_bin NOT NULL,
  `db_name` varchar(64) COLLATE utf8mb3_bin NOT NULL,
  `table_name` varchar(64) COLLATE utf8mb3_bin NOT NULL,
  `prefs` text COLLATE utf8mb3_bin NOT NULL,
  `last_update` timestamp NOT NULL DEFAULT CURRENT_TIMESTAMP ON UPDATE CURRENT_TIMESTAMP
) ENGINE=InnoDB DEFAULT CHARSET=utf8mb3 COLLATE=utf8mb3_bin COMMENT='Tables'' UI preferences';

-- --------------------------------------------------------

--
-- Table structure for table `pma__tracking`
--

CREATE TABLE `pma__tracking` (
  `db_name` varchar(64) COLLATE utf8mb3_bin NOT NULL,
  `table_name` varchar(64) COLLATE utf8mb3_bin NOT NULL,
  `version` int UNSIGNED NOT NULL,
  `date_created` datetime NOT NULL,
  `date_updated` datetime NOT NULL,
  `schema_snapshot` text COLLATE utf8mb3_bin NOT NULL,
  `schema_sql` text COLLATE utf8mb3_bin,
  `data_sql` longtext COLLATE utf8mb3_bin,
  `tracking` set('UPDATE','REPLACE','INSERT','DELETE','TRUNCATE','CREATE DATABASE','ALTER DATABASE','DROP DATABASE','CREATE TABLE','ALTER TABLE','RENAME TABLE','DROP TABLE','CREATE INDEX','DROP INDEX','CREATE VIEW','ALTER VIEW','DROP VIEW') COLLATE utf8mb3_bin DEFAULT NULL,
  `tracking_active` int UNSIGNED NOT NULL DEFAULT '1'
) ENGINE=InnoDB DEFAULT CHARSET=utf8mb3 COLLATE=utf8mb3_bin COMMENT='Database changes tracking for phpMyAdmin';

-- --------------------------------------------------------

--
-- Table structure for table `pma__userconfig`
--

CREATE TABLE `pma__userconfig` (
  `username` varchar(64) COLLATE utf8mb3_bin NOT NULL,
  `timevalue` timestamp NOT NULL DEFAULT CURRENT_TIMESTAMP ON UPDATE CURRENT_TIMESTAMP,
  `config_data` text COLLATE utf8mb3_bin NOT NULL
) ENGINE=InnoDB DEFAULT CHARSET=utf8mb3 COLLATE=utf8mb3_bin COMMENT='User preferences storage for phpMyAdmin';

--
-- Dumping data for table `pma__userconfig`
--

INSERT INTO `pma__userconfig` (`username`, `timevalue`, `config_data`) VALUES
('kelompok 4', '2025-01-10 07:40:36', '{\"Console\\/Mode\":\"collapse\"}');

-- --------------------------------------------------------

--
-- Table structure for table `pma__usergroups`
--

CREATE TABLE `pma__usergroups` (
  `usergroup` varchar(64) COLLATE utf8mb3_bin NOT NULL,
  `tab` varchar(64) COLLATE utf8mb3_bin NOT NULL,
  `allowed` enum('Y','N') COLLATE utf8mb3_bin NOT NULL DEFAULT 'N'
) ENGINE=InnoDB DEFAULT CHARSET=utf8mb3 COLLATE=utf8mb3_bin COMMENT='User groups with configured menu items';

-- --------------------------------------------------------

--
-- Table structure for table `pma__users`
--

CREATE TABLE `pma__users` (
  `username` varchar(64) COLLATE utf8mb3_bin NOT NULL,
  `usergroup` varchar(64) COLLATE utf8mb3_bin NOT NULL
) ENGINE=InnoDB DEFAULT CHARSET=utf8mb3 COLLATE=utf8mb3_bin COMMENT='Users and their assignments to user groups';

--
-- Indexes for dumped tables
--

--
-- Indexes for table `pma__bookmark`
--
ALTER TABLE `pma__bookmark`
  ADD PRIMARY KEY (`id`);

--
-- Indexes for table `pma__central_columns`
--
ALTER TABLE `pma__central_columns`
  ADD PRIMARY KEY (`db_name`,`col_name`);

--
-- Indexes for table `pma__column_info`
--
ALTER TABLE `pma__column_info`
  ADD PRIMARY KEY (`id`),
  ADD UNIQUE KEY `db_name` (`db_name`,`table_name`,`column_name`);

--
-- Indexes for table `pma__designer_settings`
--
ALTER TABLE `pma__designer_settings`
  ADD PRIMARY KEY (`username`);

--
-- Indexes for table `pma__export_templates`
--
ALTER TABLE `pma__export_templates`
  ADD PRIMARY KEY (`id`),
  ADD UNIQUE KEY `u_user_type_template` (`username`,`export_type`,`template_name`);

--
-- Indexes for table `pma__favorite`
--
ALTER TABLE `pma__favorite`
  ADD PRIMARY KEY (`username`);

--
-- Indexes for table `pma__history`
--
ALTER TABLE `pma__history`
  ADD PRIMARY KEY (`id`),
  ADD KEY `username` (`username`,`db`,`table`,`timevalue`);

--
-- Indexes for table `pma__navigationhiding`
--
ALTER TABLE `pma__navigationhiding`
  ADD PRIMARY KEY (`username`,`item_name`,`item_type`,`db_name`,`table_name`);

--
-- Indexes for table `pma__pdf_pages`
--
ALTER TABLE `pma__pdf_pages`
  ADD PRIMARY KEY (`page_nr`),
  ADD KEY `db_name` (`db_name`);

--
-- Indexes for table `pma__recent`
--
ALTER TABLE `pma__recent`
  ADD PRIMARY KEY (`username`);

--
-- Indexes for table `pma__relation`
--
ALTER TABLE `pma__relation`
  ADD PRIMARY KEY (`master_db`,`master_table`,`master_field`),
  ADD KEY `foreign_field` (`foreign_db`,`foreign_table`);

--
-- Indexes for table `pma__savedsearches`
--
ALTER TABLE `pma__savedsearches`
  ADD PRIMARY KEY (`id`),
  ADD UNIQUE KEY `u_savedsearches_username_dbname` (`username`,`db_name`,`search_name`);

--
-- Indexes for table `pma__table_coords`
--
ALTER TABLE `pma__table_coords`
  ADD PRIMARY KEY (`db_name`,`table_name`,`pdf_page_number`);

--
-- Indexes for table `pma__table_info`
--
ALTER TABLE `pma__table_info`
  ADD PRIMARY KEY (`db_name`,`table_name`);

--
-- Indexes for table `pma__table_uiprefs`
--
ALTER TABLE `pma__table_uiprefs`
  ADD PRIMARY KEY (`username`,`db_name`,`table_name`);

--
-- Indexes for table `pma__tracking`
--
ALTER TABLE `pma__tracking`
  ADD PRIMARY KEY (`db_name`,`table_name`,`version`);

--
-- Indexes for table `pma__userconfig`
--
ALTER TABLE `pma__userconfig`
  ADD PRIMARY KEY (`username`);

--
-- Indexes for table `pma__usergroups`
--
ALTER TABLE `pma__usergroups`
  ADD PRIMARY KEY (`usergroup`,`tab`,`allowed`);

--
-- Indexes for table `pma__users`
--
ALTER TABLE `pma__users`
  ADD PRIMARY KEY (`username`,`usergroup`);

--
-- AUTO_INCREMENT for dumped tables
--

--
-- AUTO_INCREMENT for table `pma__bookmark`
--
ALTER TABLE `pma__bookmark`
  MODIFY `id` int UNSIGNED NOT NULL AUTO_INCREMENT;

--
-- AUTO_INCREMENT for table `pma__column_info`
--
ALTER TABLE `pma__column_info`
  MODIFY `id` int UNSIGNED NOT NULL AUTO_INCREMENT;

--
-- AUTO_INCREMENT for table `pma__export_templates`
--
ALTER TABLE `pma__export_templates`
  MODIFY `id` int UNSIGNED NOT NULL AUTO_INCREMENT;

--
-- AUTO_INCREMENT for table `pma__history`
--
ALTER TABLE `pma__history`
  MODIFY `id` bigint UNSIGNED NOT NULL AUTO_INCREMENT;

--
-- AUTO_INCREMENT for table `pma__pdf_pages`
--
ALTER TABLE `pma__pdf_pages`
  MODIFY `page_nr` int UNSIGNED NOT NULL AUTO_INCREMENT;

--
-- AUTO_INCREMENT for table `pma__savedsearches`
--
ALTER TABLE `pma__savedsearches`
  MODIFY `id` int UNSIGNED NOT NULL AUTO_INCREMENT;
COMMIT;

/*!40101 SET CHARACTER_SET_CLIENT=@OLD_CHARACTER_SET_CLIENT */;
/*!40101 SET CHARACTER_SET_RESULTS=@OLD_CHARACTER_SET_RESULTS */;
/*!40101 SET COLLATION_CONNECTION=@OLD_COLLATION_CONNECTION */;
